stage,epoch,train_loss,train_ce_loss,train_matrix_loss,train_top1,train_top5,train_matrix_batches,train_mean_matrix_pairs,val_loss,val_ce_loss,val_matrix_loss,val_top1,val_top5,val_matrix_batches,val_mean_matrix_pairs,lr,lambda_matrix
layer4,4,0.7978365149290203,0.7375026015527099,1.2066782520452675,0.9257342870187186,0.9920357124740019,308.0,1556.2588996763754,1.7489493939624494,1.6960531495128524,1.057924875810699,0.6932589718719689,0.8950048496605237,65.0,328.4307692307692,1e-05,0.05
layer4,5,0.6491502929615514,0.5890735251678697,1.2015353965111013,0.9450109065083955,0.9944706538832243,308.0,1555.0194174757282,1.4780317987202443,1.42454360001996,1.0697639757400572,0.7116876818622696,0.9003394762366634,65.0,328.4307692307692,1e-05,0.05
layer4,6,0.550913606454132,0.4907835075942698,1.2026019907430663,0.9577943489068128,0.9959924922639882,308.0,1552.5436893203882,1.6157815782452647,1.5630779933513195,1.0540715932383569,0.7141125121241513,0.903976721629486,65.0,328.4307692307692,1e-05,0.05
layer4,7,0.4758018382770107,0.4157682061407027,1.200672635566225,0.9651499010805052,0.9971085070765485,308.0,1557.220064724919,1.7246849452489563,1.6726635567316375,1.0404277138057898,0.7218719689621726,0.9047041707080504,65.0,328.4307692307692,1e-05,0.05
layer4,8,0.42289013512595475,0.3630285789171613,1.1972310997933877,0.9729112768224014,0.9976157865368032,308.0,1552.042071197411,1.5441098230539538,1.4923085573226011,1.036025323530173,0.7308438409311349,0.9127061105722599,65.0,328.4307692307692,1e-05,0.05
layer4,9,0.3809319724595414,0.3214625103533047,1.1893892394155694,0.9782377111550753,0.9984274336732105,308.0,1556.822006472492,1.4216961520141358,1.3697306798223612,1.0393094606589162,0.7364209505334627,0.9095538312318138,65.0,328.4307692307692,1e-05,0.05
layer4,10,0.3437375735941467,0.2847771765779023,1.1792079238763884,0.9804697407801958,0.9985288895652615,308.0,1558.2362459546925,1.287790912430224,1.2358022477878863,1.039773177915586,0.7429679922405431,0.9194956353055286,65.0,328.4307692307692,1e-05,0.05
