epoch,train_loss,train_ce_loss,train_similarity_loss,train_top1,train_top5,val_loss,val_ce_loss,val_similarity_loss,val_top1,val_top5,lr,lambda_similarity,triplet_margin
1,0.3942700551354782,0.38444363776391627,0.1965283565693768,0.9693095926545934,0.9976665144828286,1.1847645246670386,1.1748871817158681,0.1975468429804542,0.7395732298739088,0.9163433559650824,1e-05,0.05,0.2
2,0.3359087714138794,0.32609261277784696,0.1963231694604299,0.9739765636889363,0.9984781616192361,1.173393712242637,1.1634625808690846,0.19862259044217093,0.742725509214355,0.918525703200776,1e-05,0.05,0.2
3,0.28785209961026514,0.27806598880256755,0.19572221651754199,0.9801653731040431,0.9989854410794907,1.098486706946916,1.088635803916637,0.19701806375635814,0.7458777885548011,0.9204655674102813,1e-05,0.05,0.2
