epoch,train_loss,train_ce_loss,train_similarity_loss,train_top1,train_top5,train_triplets_used,val_loss,val_top1,val_top5,lr,lambda_similarity,triplet_margin
1,0.48561154410243035,0.46307954442997773,0.11265999953107288,0.9604340277777778,0.9969618055555556,9600,1.1787774658804375,0.7393307468477207,0.9180407371483996,5e-06,0.2,0.2
