epoch,train_loss,train_ce_loss,train_similarity_loss,train_top1,train_top5,val_loss,val_ce_loss,val_similarity_loss,val_top1,val_top5,lr,lambda_ce,lambda_similarity,triplet_margin
1,0.18636894177998642,0.3949364431552774,0.10738165167113607,0.9712879825495866,0.9978694262669304,0.3485362167415055,1.1997513774525876,0.10858593807419334,0.7371483996120272,0.9151309408341416,5e-06,0.2,1.0,0.2
