epoch,train_loss,train_ce_loss,train_similarity_loss,train_top1,train_top5,val_loss,val_ce_loss,val_similarity_loss,val_top1,val_top5,lr,lambda_similarity,triplet_margin
1,0.3899974304386538,0.3844702907913093,0.11054281112868111,0.9693603206006188,0.9976665144828286,1.180406826196887,1.1746988354899373,0.1141597698835582,0.7395732298739088,0.9163433559650824,1e-05,0.05,0.2
2,0.33168115002896237,0.32613573426048437,0.1109083129121114,0.9739765636889363,0.9984781616192361,1.1690122590379501,1.1632652190793034,0.1149408069198046,0.7432104752667313,0.918525703200776,1e-05,0.05,0.2
3,0.2836847623261857,0.2781272768665895,0.11114970575709118,0.9801653731040431,0.9990361690255162,1.094321199317908,1.088550768091653,0.11540863092782773,0.7463627546071775,0.9204655674102813,1e-05,0.05,0.2
