model,test_top1,test_top5,image_retrieval_hit@1,image_retrieval_hit@5,image_retrieval_hit@10,image_to_concept_hit@1,image_to_concept_hit@5,image_to_concept_num_images,category_knn@5,category_linear_probe_53,nameability_mean_spearman,nameability_mean_r2,lexical_concept_mean_spearman,lexical_concept_mean_r2,object_properties_mean_spearman,object_properties_mean_r2,human_similarity_pair_spearman
baseline,0.7274490785645005,0.9110087293889427,0.7266192196273381,0.8887736490111227,0.9310468152068954,0.884,0.9813333333333333,3000,0.48342541436464087,0.49171697888080185,0.09981144117854329,0.005626400311787923,0.11658271141752823,0.0014106780290603638,0.5793483725141171,0.22885015110174814,0.4173032134130256
v1_human,0.7429679922405431,0.918525703200776,0.7422123672257788,0.8997889918100211,0.9385572762061443,0.8933333333333333,0.9836666666666667,3000,0.48687845303867405,0.4903376685359742,0.10565501715448894,0.005876223246256511,0.11420041298436864,0.0006750971078872681,0.5751865619613469,0.214628075559934,0.389748921075018
v1_shuffled,0.7429679922405431,0.9182832201745877,0.7423196595257681,0.8998962841100103,0.9384857480061515,0.8933333333333333,0.9833333333333333,3000,0.48756906077348067,0.4910297100584655,0.10592093296232123,0.00587548812230428,0.11416347228278863,0.0006277859210968018,0.5751532258869733,0.21373788515726724,0.3879519573437761
v2_1200,0.7327837051406402,0.914161008729389,0.7333786345266622,0.8928149923107185,0.9350166303064983,0.892,0.982,3000,0.48480662983425415,0.4903328958358191,0.09968916957518607,0.0057143767674763995,0.11518873842447565,0.0012463629245758057,0.5747123875515866,0.21950451036294302,0.40005394845446046
v3_human,0.7330261881668283,0.9124636275460718,0.7265119273273488,0.8878437824112156,0.9306176460069382,0.8816666666666667,0.9816666666666667,3000,0.4882596685082873,0.48558293200947444,0.09732135294850651,0.005288938681284587,0.1168252803507775,0.0021421611309051514,0.5786809635347868,0.23938710490862528,0.4478482291116109
