model,test_top1,test_top5,image_retrieval_hit@1,image_retrieval_hit@5,image_retrieval_hit@10,image_to_concept_hit@1,image_to_concept_hit@5,image_to_concept_num_images,category_knn@5,category_linear_probe_53,nameability_mean_spearman,nameability_mean_r2,lexical_concept_mean_spearman,lexical_concept_mean_r2,object_properties_mean_spearman,object_properties_mean_r2,human_similarity_pair_spearman
baseline,0.7274490785645005,0.9110087293889427,0.7266192196273381,0.8887736490111227,0.9310468152068954,0.884,0.9813333333333333,3000,0.48342541436464087,0.49171697888080185,0.09981144117854329,0.005626350763865713,0.11658271141752823,0.0014106916166521377,0.5793483725141171,0.22885013673812002,0.4173032134130256
human_informed,0.7429679922405431,0.918525703200776,0.7422123672257788,0.8997889918100211,0.9385572762061443,0.8933333333333333,0.9836666666666667,3000,0.48687845303867405,0.4903376685359742,0.10565501715448894,0.005876190978584346,0.11420041298436864,0.0006750657141730287,0.5751865619613469,0.2146280647312493,0.389748921075018
shuffled_control,0.7429679922405431,0.9182832201745877,0.7423196595257681,0.8998962841100103,0.9384857480061515,0.8933333333333333,0.9833333333333333,3000,0.48756906077348067,0.4910297100584655,0.10592093296232123,0.005875464115135583,0.11416347228278863,0.0006277488549154553,0.5751532258869733,0.213737873981265,0.3879519573437761
